-- AUTO-GENERATED BY workers/ingest/sql/build_seed.py
-- Source: partner-files/stammdaten/stammdaten/
-- Property: LIE-001

DELETE FROM owner_units;
DELETE FROM tenants;
DELETE FROM service_providers;
DELETE FROM owners;
DELETE FROM units;
DELETE FROM buildings;
DELETE FROM properties;

INSERT INTO properties (id, name, strasse, plz, ort, land, baujahr, sanierung, verwalter, weg_bankkonto_iban, weg_bankkonto_bank, ruecklage_iban) VALUES ('LIE-001', 'WEG Immanuelkirchstraße 26', 'Immanuelkirchstraße 26', '10405', 'Berlin', 'DE', 1928, 2008, 'Huber & Partner Immobilienverwaltung GmbH', 'DE02 1001 0010 0123 4567 89', 'Postbank Berlin', 'DE12 1203 0000 0098 7654 32');

INSERT INTO buildings (id, property_id, hausnr, einheiten, etagen, fahrstuhl, baujahr) VALUES ('HAUS-12', 'LIE-001', '12', 18, 5, 1, 1928);
INSERT INTO buildings (id, property_id, hausnr, einheiten, etagen, fahrstuhl, baujahr) VALUES ('HAUS-14', 'LIE-001', '14', 20, 5, 1, 1928);
INSERT INTO buildings (id, property_id, hausnr, einheiten, etagen, fahrstuhl, baujahr) VALUES ('HAUS-16', 'LIE-001', '16', 14, 4, 0, 1926);

INSERT INTO units (id, haus_id, einheit_nr, lage, typ, wohnflaeche_qm, zimmer, miteigentumsanteil) VALUES ('EH-001', 'HAUS-12', 'WE 01', '1. OG links', 'Wohnung', 103, 4, 241);
INSERT INTO units (id, haus_id, einheit_nr, lage, typ, wohnflaeche_qm, zimmer, miteigentumsanteil) VALUES ('EH-002', 'HAUS-12', 'WE 02', '1. OG mitte', 'Wohnung', 49, 1.5, 114);
INSERT INTO units (id, haus_id, einheit_nr, lage, typ, wohnflaeche_qm, zimmer, miteigentumsanteil) VALUES ('EH-003', 'HAUS-12', 'WE 03', '1. OG rechts', 'Wohnung', 62, 2, 144);
INSERT INTO units (id, haus_id, einheit_nr, lage, typ, wohnflaeche_qm, zimmer, miteigentumsanteil) VALUES ('EH-004', 'HAUS-12', 'WE 04', '2. OG links', 'Wohnung', 60, 2, 139);
INSERT INTO units (id, haus_id, einheit_nr, lage, typ, wohnflaeche_qm, zimmer, miteigentumsanteil) VALUES ('EH-005', 'HAUS-12', 'WE 05', '2. OG mitte', 'Wohnung', 110, 4, 255);
INSERT INTO units (id, haus_id, einheit_nr, lage, typ, wohnflaeche_qm, zimmer, miteigentumsanteil) VALUES ('EH-006', 'HAUS-12', 'WE 06', '2. OG rechts', 'Wohnung', 51, 1.5, 118);
INSERT INTO units (id, haus_id, einheit_nr, lage, typ, wohnflaeche_qm, zimmer, miteigentumsanteil) VALUES ('EH-007', 'HAUS-12', 'WE 07', '3. OG links', 'Wohnung', 45, 1.5, 104);
INSERT INTO units (id, haus_id, einheit_nr, lage, typ, wohnflaeche_qm, zimmer, miteigentumsanteil) VALUES ('EH-008', 'HAUS-12', 'WE 08', '3. OG mitte', 'Wohnung', 48, 1.5, 111);
INSERT INTO units (id, haus_id, einheit_nr, lage, typ, wohnflaeche_qm, zimmer, miteigentumsanteil) VALUES ('EH-009', 'HAUS-12', 'WE 09', '3. OG rechts', 'Wohnung', 67, 2, 156);
INSERT INTO units (id, haus_id, einheit_nr, lage, typ, wohnflaeche_qm, zimmer, miteigentumsanteil) VALUES ('EH-010', 'HAUS-12', 'WE 10', '4. OG links', 'Wohnung', 92, 3.5, 214);
INSERT INTO units (id, haus_id, einheit_nr, lage, typ, wohnflaeche_qm, zimmer, miteigentumsanteil) VALUES ('EH-011', 'HAUS-12', 'WE 11', '4. OG mitte', 'Wohnung', 95, 3.5, 221);
INSERT INTO units (id, haus_id, einheit_nr, lage, typ, wohnflaeche_qm, zimmer, miteigentumsanteil) VALUES ('EH-012', 'HAUS-12', 'WE 12', '4. OG rechts', 'Wohnung', 110, 4, 255);
INSERT INTO units (id, haus_id, einheit_nr, lage, typ, wohnflaeche_qm, zimmer, miteigentumsanteil) VALUES ('EH-013', 'HAUS-12', 'WE 13', '5. OG links', 'Wohnung', 84, 3, 195);
INSERT INTO units (id, haus_id, einheit_nr, lage, typ, wohnflaeche_qm, zimmer, miteigentumsanteil) VALUES ('EH-014', 'HAUS-12', 'WE 14', '5. OG mitte', 'Wohnung', 85, 3, 197);
INSERT INTO units (id, haus_id, einheit_nr, lage, typ, wohnflaeche_qm, zimmer, miteigentumsanteil) VALUES ('EH-015', 'HAUS-12', 'WE 15', '5. OG rechts', 'Wohnung', 115, 4.5, 267);
INSERT INTO units (id, haus_id, einheit_nr, lage, typ, wohnflaeche_qm, zimmer, miteigentumsanteil) VALUES ('EH-016', 'HAUS-12', 'WE 16', '5. OG links', 'Wohnung', 108, 4, 251);
INSERT INTO units (id, haus_id, einheit_nr, lage, typ, wohnflaeche_qm, zimmer, miteigentumsanteil) VALUES ('EH-017', 'HAUS-12', 'WE 17', '5. OG rechts', 'Wohnung', 72, 2.5, 167);
INSERT INTO units (id, haus_id, einheit_nr, lage, typ, wohnflaeche_qm, zimmer, miteigentumsanteil) VALUES ('EH-018', 'HAUS-12', 'TG 18', 'Tiefgarage', 'Tiefgarage', 12.5, 0, 23);
INSERT INTO units (id, haus_id, einheit_nr, lage, typ, wohnflaeche_qm, zimmer, miteigentumsanteil) VALUES ('EH-019', 'HAUS-14', 'WE 19', '1. OG links', 'Wohnung', 64, 2, 149);
INSERT INTO units (id, haus_id, einheit_nr, lage, typ, wohnflaeche_qm, zimmer, miteigentumsanteil) VALUES ('EH-020', 'HAUS-14', 'WE 20', '1. OG mitte', 'Wohnung', 46, 1.5, 107);
INSERT INTO units (id, haus_id, einheit_nr, lage, typ, wohnflaeche_qm, zimmer, miteigentumsanteil) VALUES ('EH-021', 'HAUS-14', 'WE 21', '1. OG rechts', 'Wohnung', 82, 3, 190);
INSERT INTO units (id, haus_id, einheit_nr, lage, typ, wohnflaeche_qm, zimmer, miteigentumsanteil) VALUES ('EH-022', 'HAUS-14', 'WE 22', '2. OG links', 'Wohnung', 75, 2.5, 174);
INSERT INTO units (id, haus_id, einheit_nr, lage, typ, wohnflaeche_qm, zimmer, miteigentumsanteil) VALUES ('EH-023', 'HAUS-14', 'WE 23', '2. OG mitte', 'Wohnung', 96, 3.5, 223);
INSERT INTO units (id, haus_id, einheit_nr, lage, typ, wohnflaeche_qm, zimmer, miteigentumsanteil) VALUES ('EH-024', 'HAUS-14', 'WE 24', '2. OG rechts', 'Wohnung', 115, 4.5, 267);
INSERT INTO units (id, haus_id, einheit_nr, lage, typ, wohnflaeche_qm, zimmer, miteigentumsanteil) VALUES ('EH-025', 'HAUS-14', 'WE 25', '3. OG links', 'Wohnung', 109, 4, 253);
INSERT INTO units (id, haus_id, einheit_nr, lage, typ, wohnflaeche_qm, zimmer, miteigentumsanteil) VALUES ('EH-026', 'HAUS-14', 'WE 26', '3. OG mitte', 'Wohnung', 93, 3.5, 216);
INSERT INTO units (id, haus_id, einheit_nr, lage, typ, wohnflaeche_qm, zimmer, miteigentumsanteil) VALUES ('EH-027', 'HAUS-14', 'WE 27', '3. OG rechts', 'Wohnung', 82, 3, 190);
INSERT INTO units (id, haus_id, einheit_nr, lage, typ, wohnflaeche_qm, zimmer, miteigentumsanteil) VALUES ('EH-028', 'HAUS-14', 'WE 28', '4. OG links', 'Wohnung', 96, 3.5, 223);
INSERT INTO units (id, haus_id, einheit_nr, lage, typ, wohnflaeche_qm, zimmer, miteigentumsanteil) VALUES ('EH-029', 'HAUS-14', 'WE 29', '4. OG mitte', 'Wohnung', 120, 4.5, 279);
INSERT INTO units (id, haus_id, einheit_nr, lage, typ, wohnflaeche_qm, zimmer, miteigentumsanteil) VALUES ('EH-030', 'HAUS-14', 'WE 30', '4. OG rechts', 'Wohnung', 95, 3.5, 221);
INSERT INTO units (id, haus_id, einheit_nr, lage, typ, wohnflaeche_qm, zimmer, miteigentumsanteil) VALUES ('EH-031', 'HAUS-14', 'WE 31', '5. OG links', 'Wohnung', 103, 4, 239);
INSERT INTO units (id, haus_id, einheit_nr, lage, typ, wohnflaeche_qm, zimmer, miteigentumsanteil) VALUES ('EH-032', 'HAUS-14', 'WE 32', '5. OG mitte', 'Wohnung', 48, 1.5, 111);
INSERT INTO units (id, haus_id, einheit_nr, lage, typ, wohnflaeche_qm, zimmer, miteigentumsanteil) VALUES ('EH-033', 'HAUS-14', 'WE 33', '5. OG rechts', 'Wohnung', 119, 4.5, 276);
INSERT INTO units (id, haus_id, einheit_nr, lage, typ, wohnflaeche_qm, zimmer, miteigentumsanteil) VALUES ('EH-034', 'HAUS-14', 'WE 34', '5. OG links', 'Wohnung', 118, 4.5, 274);
INSERT INTO units (id, haus_id, einheit_nr, lage, typ, wohnflaeche_qm, zimmer, miteigentumsanteil) VALUES ('EH-035', 'HAUS-14', 'WE 35', '5. OG links', 'Wohnung', 85, 3, 197);
INSERT INTO units (id, haus_id, einheit_nr, lage, typ, wohnflaeche_qm, zimmer, miteigentumsanteil) VALUES ('EH-036', 'HAUS-14', 'WE 36', '5. OG rechts', 'Wohnung', 107, 4, 248);
INSERT INTO units (id, haus_id, einheit_nr, lage, typ, wohnflaeche_qm, zimmer, miteigentumsanteil) VALUES ('EH-037', 'HAUS-14', 'GE 37', 'EG Ladenlokal', 'Gewerbe', 142, 0, 348);
INSERT INTO units (id, haus_id, einheit_nr, lage, typ, wohnflaeche_qm, zimmer, miteigentumsanteil) VALUES ('EH-038', 'HAUS-14', 'TG 38', 'Tiefgarage', 'Tiefgarage', 12.5, 0, 23);
INSERT INTO units (id, haus_id, einheit_nr, lage, typ, wohnflaeche_qm, zimmer, miteigentumsanteil) VALUES ('EH-039', 'HAUS-16', 'WE 39', '1. OG links', 'Wohnung', 64, 2, 149);
INSERT INTO units (id, haus_id, einheit_nr, lage, typ, wohnflaeche_qm, zimmer, miteigentumsanteil) VALUES ('EH-040', 'HAUS-16', 'WE 40', '1. OG mitte', 'Wohnung', 73, 2.5, 169);
INSERT INTO units (id, haus_id, einheit_nr, lage, typ, wohnflaeche_qm, zimmer, miteigentumsanteil) VALUES ('EH-041', 'HAUS-16', 'WE 41', '1. OG rechts', 'Wohnung', 106, 4, 246);
INSERT INTO units (id, haus_id, einheit_nr, lage, typ, wohnflaeche_qm, zimmer, miteigentumsanteil) VALUES ('EH-042', 'HAUS-16', 'WE 42', '2. OG links', 'Wohnung', 103, 4, 239);
INSERT INTO units (id, haus_id, einheit_nr, lage, typ, wohnflaeche_qm, zimmer, miteigentumsanteil) VALUES ('EH-043', 'HAUS-16', 'WE 43', '2. OG mitte', 'Wohnung', 94, 3.5, 218);
INSERT INTO units (id, haus_id, einheit_nr, lage, typ, wohnflaeche_qm, zimmer, miteigentumsanteil) VALUES ('EH-044', 'HAUS-16', 'WE 44', '2. OG rechts', 'Wohnung', 95, 3.5, 221);
INSERT INTO units (id, haus_id, einheit_nr, lage, typ, wohnflaeche_qm, zimmer, miteigentumsanteil) VALUES ('EH-045', 'HAUS-16', 'WE 45', '3. OG links', 'Wohnung', 66, 2, 153);
INSERT INTO units (id, haus_id, einheit_nr, lage, typ, wohnflaeche_qm, zimmer, miteigentumsanteil) VALUES ('EH-046', 'HAUS-16', 'WE 46', '3. OG mitte', 'Wohnung', 85, 3, 197);
INSERT INTO units (id, haus_id, einheit_nr, lage, typ, wohnflaeche_qm, zimmer, miteigentumsanteil) VALUES ('EH-047', 'HAUS-16', 'WE 47', '3. OG rechts', 'Wohnung', 110, 4, 255);
INSERT INTO units (id, haus_id, einheit_nr, lage, typ, wohnflaeche_qm, zimmer, miteigentumsanteil) VALUES ('EH-048', 'HAUS-16', 'WE 48', '4. OG links', 'Wohnung', 64, 2, 149);
INSERT INTO units (id, haus_id, einheit_nr, lage, typ, wohnflaeche_qm, zimmer, miteigentumsanteil) VALUES ('EH-049', 'HAUS-16', 'WE 49', '4. OG mitte', 'Wohnung', 115, 4.5, 267);
INSERT INTO units (id, haus_id, einheit_nr, lage, typ, wohnflaeche_qm, zimmer, miteigentumsanteil) VALUES ('EH-050', 'HAUS-16', 'WE 50', '4. OG rechts', 'Wohnung', 59, 2, 137);
INSERT INTO units (id, haus_id, einheit_nr, lage, typ, wohnflaeche_qm, zimmer, miteigentumsanteil) VALUES ('EH-051', 'HAUS-16', 'WE 51', '4. OG rechts', 'Wohnung', 85, 3, 197);
INSERT INTO units (id, haus_id, einheit_nr, lage, typ, wohnflaeche_qm, zimmer, miteigentumsanteil) VALUES ('EH-052', 'HAUS-16', 'TG 52', 'Tiefgarage', 'Tiefgarage', 12.5, 0, 23);

INSERT INTO owners (id, property_id, anrede, vorname, nachname, firma, strasse, plz, ort, land, email, telefon, iban, bic, selbstnutzer, sev_mandat, beirat, sprache) VALUES ('EIG-001', 'LIE-001', 'Herr', 'Marcus', 'Dowerg', NULL, 'Ansgar-Davids-Platz 9890', '43321', 'Saarbrücken', 'DE', 'marcus.dowerg@outlook.com', '+49(0) 863794026', 'DE24100500002528809570', 'BYLADEM1001', 0, 1, 0, 'de');
INSERT INTO owner_units (owner_id, unit_id) VALUES ('EIG-001', 'EH-037');
INSERT INTO owner_units (owner_id, unit_id) VALUES ('EIG-001', 'EH-032');
INSERT INTO owners (id, property_id, anrede, vorname, nachname, firma, strasse, plz, ort, land, email, telefon, iban, bic, selbstnutzer, sev_mandat, beirat, sprache) VALUES ('EIG-002', 'LIE-001', 'Frau', 'Gertraud', 'Holsten', NULL, 'Beyerweg 78-21', '35116', 'Kaiserslautern', 'DE', 'gertraud.holsten@gmail.com', '04959 31034', 'DE43100700001171822782', 'GENODEF1P01', 1, 0, 0, 'de');
INSERT INTO owner_units (owner_id, unit_id) VALUES ('EIG-002', 'EH-047');
INSERT INTO owner_units (owner_id, unit_id) VALUES ('EIG-002', 'EH-033');
INSERT INTO owners (id, property_id, anrede, vorname, nachname, firma, strasse, plz, ort, land, email, telefon, iban, bic, selbstnutzer, sev_mandat, beirat, sprache) VALUES ('EIG-003', 'LIE-001', 'Herr', 'Arnulf', 'Heintze', NULL, 'Tintzmannweg 39', '64752', 'Jülich', 'DE', 'arnulf.heintze@gmail.com', '03276 48350', 'DE85100701245787133150', 'GENODEF1P01', 0, 1, 0, 'de');
INSERT INTO owner_units (owner_id, unit_id) VALUES ('EIG-003', 'EH-025');
INSERT INTO owner_units (owner_id, unit_id) VALUES ('EIG-003', 'EH-049');
INSERT INTO owners (id, property_id, anrede, vorname, nachname, firma, strasse, plz, ort, land, email, telefon, iban, bic, selbstnutzer, sev_mandat, beirat, sprache) VALUES ('EIG-004', 'LIE-001', 'Herr', 'Erdal', 'Beckmann', NULL, 'Seifertstraße 442', '64139', 'Freudenstadt', 'DE', 'erdal.beckmann@gmx.de', '08496 96532', 'DE83100100105183473829', 'DEUTDEBB101', 1, 0, 1, 'de');
INSERT INTO owner_units (owner_id, unit_id) VALUES ('EIG-004', 'EH-043');
INSERT INTO owner_units (owner_id, unit_id) VALUES ('EIG-004', 'EH-015');
INSERT INTO owners (id, property_id, anrede, vorname, nachname, firma, strasse, plz, ort, land, email, telefon, iban, bic, selbstnutzer, sev_mandat, beirat, sprache) VALUES ('EIG-005', 'LIE-001', 'Frau', 'Josefine', 'Nohlmans', NULL, 'Rädelring 1', '01226', 'Kusel', 'DE', 'josefine.nohlmans@gmail.com', '(08451) 46270', 'DE23100701246566701065', 'PBNKDEFFXXX', 1, 0, 0, 'de');
INSERT INTO owner_units (owner_id, unit_id) VALUES ('EIG-005', 'EH-007');
INSERT INTO owner_units (owner_id, unit_id) VALUES ('EIG-005', 'EH-024');
INSERT INTO owners (id, property_id, anrede, vorname, nachname, firma, strasse, plz, ort, land, email, telefon, iban, bic, selbstnutzer, sev_mandat, beirat, sprache) VALUES ('EIG-006', 'LIE-001', 'Herr', 'Winfried', 'Ullmann', NULL, 'Auguste-Wulff-Weg 9', '82814', 'Döbeln', 'DE', 'winfried.ullmann@yahoo.de', '07015430391', 'DE31120300003178108013', 'DEUTDEBB101', 1, 0, 0, 'de');
INSERT INTO owner_units (owner_id, unit_id) VALUES ('EIG-006', 'EH-027');
INSERT INTO owner_units (owner_id, unit_id) VALUES ('EIG-006', 'EH-026');
INSERT INTO owners (id, property_id, anrede, vorname, nachname, firma, strasse, plz, ort, land, email, telefon, iban, bic, selbstnutzer, sev_mandat, beirat, sprache) VALUES ('EIG-007', 'LIE-001', 'Frau', 'Anni', 'Wagenknecht', NULL, 'Suse-Reuter-Allee 8465', '18227', 'Grimmen', 'DE', 'anni.wagenknecht@gmx.de', '07133 15098', 'DE37100100106474687234', 'COBADEFFXXX', 1, 0, 0, 'de');
INSERT INTO owner_units (owner_id, unit_id) VALUES ('EIG-007', 'EH-048');
INSERT INTO owner_units (owner_id, unit_id) VALUES ('EIG-007', 'EH-044');
INSERT INTO owners (id, property_id, anrede, vorname, nachname, firma, strasse, plz, ort, land, email, telefon, iban, bic, selbstnutzer, sev_mandat, beirat, sprache) VALUES ('EIG-008', 'LIE-001', 'Frau', 'Dunja', 'Schacht', NULL, 'Karl-Heinrich-Staude-Straße 8829', '01031', 'Hohenstein-Ernstthal', 'DE', 'dunja.schacht@gmx.de', '+49(0) 763116566', 'DE96120300008820812191', 'HYVEDEMMXXX', 1, 0, 0, 'de');
INSERT INTO owner_units (owner_id, unit_id) VALUES ('EIG-008', 'EH-012');
INSERT INTO owner_units (owner_id, unit_id) VALUES ('EIG-008', 'EH-028');
INSERT INTO owners (id, property_id, anrede, vorname, nachname, firma, strasse, plz, ort, land, email, telefon, iban, bic, selbstnutzer, sev_mandat, beirat, sprache) VALUES ('EIG-009', 'LIE-001', 'Herr', 'Horst', 'Vollbrecht', NULL, 'Etzoldstraße 447', '10651', 'Euskirchen', 'DE', 'horst.vollbrecht@gmx.de', '+49(0)7810 801326', 'DE95100700009854353462', 'BELADEBEXXX', 0, 1, 0, 'de');
INSERT INTO owner_units (owner_id, unit_id) VALUES ('EIG-009', 'EH-002');
INSERT INTO owner_units (owner_id, unit_id) VALUES ('EIG-009', 'EH-038');
INSERT INTO owners (id, property_id, anrede, vorname, nachname, firma, strasse, plz, ort, land, email, telefon, iban, bic, selbstnutzer, sev_mandat, beirat, sprache) VALUES ('EIG-010', 'LIE-001', 'Herr', 'Ingbert', 'Nerger', NULL, 'Löchelweg 52-43', '60260', 'Grimmen', 'DE', 'ingbert.nerger@gmx.de', '+49(0)9805009788', 'DE46100100101838425135', 'PBNKDEFFXXX', 0, 0, 1, 'de');
INSERT INTO owner_units (owner_id, unit_id) VALUES ('EIG-010', 'EH-052');
INSERT INTO owner_units (owner_id, unit_id) VALUES ('EIG-010', 'EH-050');
INSERT INTO owners (id, property_id, anrede, vorname, nachname, firma, strasse, plz, ort, land, email, telefon, iban, bic, selbstnutzer, sev_mandat, beirat, sprache) VALUES ('EIG-011', 'LIE-001', 'Frau', 'Caroline', 'Bohlander', NULL, 'Elly-Butte-Straße 64/43', '21913', 'Coburg', 'DE', 'caroline.bohlander@gmx.de', '+49(0)6247 51079', 'DE36100701241241182449', 'BELADEBEXXX', 0, 0, 0, 'de');
INSERT INTO owner_units (owner_id, unit_id) VALUES ('EIG-011', 'EH-031');
INSERT INTO owner_units (owner_id, unit_id) VALUES ('EIG-011', 'EH-035');
INSERT INTO owners (id, property_id, anrede, vorname, nachname, firma, strasse, plz, ort, land, email, telefon, iban, bic, selbstnutzer, sev_mandat, beirat, sprache) VALUES ('EIG-012', 'LIE-001', 'Frau', 'Kunigunda', 'Ditschlerin', NULL, 'Hölzenbecherplatz 98-14', '83842', 'Berlin', 'DE', 'kunigunda.ditschlerin@icloud.com', '(08412) 41182', 'DE80100100101640052427', 'BELADEBEXXX', 1, 0, 0, 'de');
INSERT INTO owner_units (owner_id, unit_id) VALUES ('EIG-012', 'EH-005');
INSERT INTO owner_units (owner_id, unit_id) VALUES ('EIG-012', 'EH-036');
INSERT INTO owners (id, property_id, anrede, vorname, nachname, firma, strasse, plz, ort, land, email, telefon, iban, bic, selbstnutzer, sev_mandat, beirat, sprache) VALUES ('EIG-013', 'LIE-001', 'Herr', 'Dominic', 'Jacobs', NULL, '48740 Cynthia Village Suite 005', '10115', 'Berlin', 'US', 'dominic.jacobs@t-online.de', '001-724-427-8680x11280', 'DE97100700008262045053', 'PBNKDEFFXXX', 0, 0, 0, 'en');
INSERT INTO owner_units (owner_id, unit_id) VALUES ('EIG-013', 'EH-023');
INSERT INTO owner_units (owner_id, unit_id) VALUES ('EIG-013', 'EH-016');
INSERT INTO owners (id, property_id, anrede, vorname, nachname, firma, strasse, plz, ort, land, email, telefon, iban, bic, selbstnutzer, sev_mandat, beirat, sprache) VALUES ('EIG-014', 'LIE-001', 'Frau', 'Hulda', 'Eckbauer', NULL, 'Zahnstr. 3-4', '45053', 'Strasburg', 'DE', 'hulda.eckbauer@t-online.de', '+49 (0) 2602 563421', 'DE58100500002602563421', 'HYVEDEMMXXX', 0, 1, 0, 'de');
INSERT INTO owner_units (owner_id, unit_id) VALUES ('EIG-014', 'EH-019');
INSERT INTO owner_units (owner_id, unit_id) VALUES ('EIG-014', 'EH-009');
INSERT INTO owners (id, property_id, anrede, vorname, nachname, firma, strasse, plz, ort, land, email, telefon, iban, bic, selbstnutzer, sev_mandat, beirat, sprache) VALUES ('EIG-015', 'LIE-001', 'Firma', NULL, NULL, 'Kranz Vermoegensverwaltung', 'Gertrud-Gröttner-Straße 54/61', '73375', 'Geithain', 'DE', 'kranz.vermoegensverwaltung@capital-partners.com', '(08685) 01429', 'DE61100500003036541458', 'BELADEBEXXX', 1, 0, 0, 'de');
INSERT INTO owner_units (owner_id, unit_id) VALUES ('EIG-015', 'EH-011');
INSERT INTO owner_units (owner_id, unit_id) VALUES ('EIG-015', 'EH-017');
INSERT INTO owners (id, property_id, anrede, vorname, nachname, firma, strasse, plz, ort, land, email, telefon, iban, bic, selbstnutzer, sev_mandat, beirat, sprache) VALUES ('EIG-016', 'LIE-001', 'Herr', 'Wolfgang', 'Hettner', NULL, 'Rustplatz 1/7', '19655', 'Schlüchtern', 'DE', 'wolfgang.hettner@web.de', '+49(0)8835615951', 'DE24100700004019655698', 'DEUTDEBB101', 0, 1, 0, 'de');
INSERT INTO owner_units (owner_id, unit_id) VALUES ('EIG-016', 'EH-034');
INSERT INTO owner_units (owner_id, unit_id) VALUES ('EIG-016', 'EH-010');
INSERT INTO owners (id, property_id, anrede, vorname, nachname, firma, strasse, plz, ort, land, email, telefon, iban, bic, selbstnutzer, sev_mandat, beirat, sprache) VALUES ('EIG-017', 'LIE-001', 'Herr', 'Osman', 'Jacob', NULL, 'Steyweg 599', '65648', 'Euskirchen', 'DE', 'osman.jacob@yahoo.de', '0804436995', 'DE49100700003561595148', 'BELADEBEXXX', 1, 0, 0, 'de');
INSERT INTO owner_units (owner_id, unit_id) VALUES ('EIG-017', 'EH-001');
INSERT INTO owner_units (owner_id, unit_id) VALUES ('EIG-017', 'EH-030');
INSERT INTO owners (id, property_id, anrede, vorname, nachname, firma, strasse, plz, ort, land, email, telefon, iban, bic, selbstnutzer, sev_mandat, beirat, sprache) VALUES ('EIG-018', 'LIE-001', 'Frau', 'Irmingard', 'Margraf', NULL, 'Maria-Weitzel-Platz 4/4', '38721', 'Osterburg', 'DE', 'irmingard.margraf@t-online.de', '+49 (0) 0037 917693', 'DE36100701246299468044', 'DEUTDEBB101', 1, 0, 0, 'de');
INSERT INTO owner_units (owner_id, unit_id) VALUES ('EIG-018', 'EH-018');
INSERT INTO owners (id, property_id, anrede, vorname, nachname, firma, strasse, plz, ort, land, email, telefon, iban, bic, selbstnutzer, sev_mandat, beirat, sprache) VALUES ('EIG-019', 'LIE-001', 'Frau', 'Mina', 'Textor', NULL, 'Magda-Textor-Weg 40-28', '76320', 'Magdeburg', 'DE', 'mina.textor@icloud.com', '02788 957986', 'DE38100700007214895134', 'HYVEDEMMXXX', 0, 0, 0, 'de');
INSERT INTO owner_units (owner_id, unit_id) VALUES ('EIG-019', 'EH-042');
INSERT INTO owners (id, property_id, anrede, vorname, nachname, firma, strasse, plz, ort, land, email, telefon, iban, bic, selbstnutzer, sev_mandat, beirat, sprache) VALUES ('EIG-020', 'LIE-001', 'Herr', 'Ronald', 'Kelley', NULL, '774 Mary Harbor', '10115', 'Berlin', 'US', 'ronald.kelley@icloud.com', '001-487-434-7143x45581', 'DE64120300006936763201', 'PBNKDEFFXXX', 0, 0, 1, 'en');
INSERT INTO owner_units (owner_id, unit_id) VALUES ('EIG-020', 'EH-045');
INSERT INTO owners (id, property_id, anrede, vorname, nachname, firma, strasse, plz, ort, land, email, telefon, iban, bic, selbstnutzer, sev_mandat, beirat, sprache) VALUES ('EIG-021', 'LIE-001', 'Frau', 'Dörte', 'Kraus', NULL, 'Marlies-Linke-Straße 9', '31665', 'Lübeck', 'DE', 'doerte.kraus@gmx.de', '0705466889', 'DE64100100107278895798', 'HYVEDEMMXXX', 0, 0, 0, 'de');
INSERT INTO owner_units (owner_id, unit_id) VALUES ('EIG-021', 'EH-039');
INSERT INTO owners (id, property_id, anrede, vorname, nachname, firma, strasse, plz, ort, land, email, telefon, iban, bic, selbstnutzer, sev_mandat, beirat, sprache) VALUES ('EIG-022', 'LIE-001', 'Herr', 'Tom', 'Hartmann', NULL, 'Melissa-Mosemann-Platz 6', '34670', 'Husum', 'DE', 'tom.hartmann@icloud.com', '(09016) 272046', 'DE52100701244873471434', 'BYLADEM1001', 0, 0, 0, 'de');
INSERT INTO owner_units (owner_id, unit_id) VALUES ('EIG-022', 'EH-029');
INSERT INTO owners (id, property_id, anrede, vorname, nachname, firma, strasse, plz, ort, land, email, telefon, iban, bic, selbstnutzer, sev_mandat, beirat, sprache) VALUES ('EIG-023', 'LIE-001', 'Herr', 'Gottlob', 'Hahn', NULL, 'Karla-Reuter-Gasse 13/11', '55646', 'Bogen', 'DE', 'gottlob.hahn@gmail.com', '+49(0) 309232719', 'DE63100500003166587603', 'DEUTDEBB101', 1, 0, 0, 'de');
INSERT INTO owner_units (owner_id, unit_id) VALUES ('EIG-023', 'EH-040');
INSERT INTO owners (id, property_id, anrede, vorname, nachname, firma, strasse, plz, ort, land, email, telefon, iban, bic, selbstnutzer, sev_mandat, beirat, sprache) VALUES ('EIG-024', 'LIE-001', 'Herr', 'Willfried', 'Harloff', NULL, 'Clara-Bauer-Ring 7-4', '45299', 'Eberswalde', 'DE', 'willfried.harloff@yahoo.de', '+49(0)9314 919058', 'DE72370400446688937346', 'COBADEFFXXX', 0, 0, 0, 'de');
INSERT INTO owner_units (owner_id, unit_id) VALUES ('EIG-024', 'EH-013');
INSERT INTO owners (id, property_id, anrede, vorname, nachname, firma, strasse, plz, ort, land, email, telefon, iban, bic, selbstnutzer, sev_mandat, beirat, sprache) VALUES ('EIG-025', 'LIE-001', 'Frau', 'Hiltrud', 'Speer', NULL, 'Schusterallee 32-96', '18506', 'Büsingen am Hochrhein', 'DE', 'hiltrud.speer@t-online.de', '(04987) 76945', 'DE33100700008069901627', 'COBADEFFXXX', 0, 0, 0, 'de');
INSERT INTO owner_units (owner_id, unit_id) VALUES ('EIG-025', 'EH-003');
INSERT INTO owners (id, property_id, anrede, vorname, nachname, firma, strasse, plz, ort, land, email, telefon, iban, bic, selbstnutzer, sev_mandat, beirat, sprache) VALUES ('EIG-026', 'LIE-001', 'Frau', 'Silja', 'Henschel', NULL, 'Junkplatz 53-65', '47379', 'Husum', 'DE', 'silja.henschel@posteo.de', '+49(0)9480 83136', 'DE93120300004641708053', 'COBADEFFXXX', 1, 0, 0, 'de');
INSERT INTO owner_units (owner_id, unit_id) VALUES ('EIG-026', 'EH-020');
INSERT INTO owners (id, property_id, anrede, vorname, nachname, firma, strasse, plz, ort, land, email, telefon, iban, bic, selbstnutzer, sev_mandat, beirat, sprache) VALUES ('EIG-027', 'LIE-001', 'Herr', 'Ingolf', 'Röhricht', NULL, 'Leonardo-Spieß-Weg 97/68', '77701', 'Gadebusch', 'DE', 'ingolf.roehricht@gmail.com', '0855744431', 'DE57100100109232719374', 'PBNKDEFFXXX', 1, 0, 0, 'de');
INSERT INTO owner_units (owner_id, unit_id) VALUES ('EIG-027', 'EH-014');
INSERT INTO owners (id, property_id, anrede, vorname, nachname, firma, strasse, plz, ort, land, email, telefon, iban, bic, selbstnutzer, sev_mandat, beirat, sprache) VALUES ('EIG-028', 'LIE-001', 'Herr', 'Oswald', 'Gröttner', NULL, 'Marlies-Gude-Ring 1524', '18233', 'Göppingen', 'DE', 'oswald.groettner@t-online.de', '02400 84271', 'DE97100100104966319314', 'GENODEF1P01', 0, 1, 0, 'de');
INSERT INTO owner_units (owner_id, unit_id) VALUES ('EIG-028', 'EH-022');
INSERT INTO owners (id, property_id, anrede, vorname, nachname, firma, strasse, plz, ort, land, email, telefon, iban, bic, selbstnutzer, sev_mandat, beirat, sprache) VALUES ('EIG-029', 'LIE-001', 'Herr', 'Sükrü', 'Aumann', NULL, 'Marie-Bolzmann-Straße 11-39', '77752', 'Greifswald', 'DE', 'suekrue.aumann@posteo.de', '+49 (0) 9413 186999', 'DE65100100108506716572', 'PBNKDEFFXXX', 0, 0, 0, 'de');
INSERT INTO owner_units (owner_id, unit_id) VALUES ('EIG-029', 'EH-041');
INSERT INTO owners (id, property_id, anrede, vorname, nachname, firma, strasse, plz, ort, land, email, telefon, iban, bic, selbstnutzer, sev_mandat, beirat, sprache) VALUES ('EIG-030', 'LIE-001', 'Frau', 'Dorothe', 'Wulf', NULL, 'Trudel-Wiek-Platz 4412', '77496', 'Ribnitz-Damgarten', 'DE', 'dorothe.wulf@icloud.com', '+49 (0) 8120 679740', 'DE95100700004531473799', 'DEUTDEBB101', 0, 0, 0, 'de');
INSERT INTO owner_units (owner_id, unit_id) VALUES ('EIG-030', 'EH-046');
INSERT INTO owners (id, property_id, anrede, vorname, nachname, firma, strasse, plz, ort, land, email, telefon, iban, bic, selbstnutzer, sev_mandat, beirat, sprache) VALUES ('EIG-031', 'LIE-001', 'Frau', 'Dörthe', 'Hövel', NULL, 'Friedericke-Fischer-Ring 310', '71349', 'Magdeburg', 'DE', 'doerthe.hoevel@t-online.de', '+49(0)9947 17464', 'DE62370400445494808313', 'DEUTDEBB101', 0, 1, 0, 'de');
INSERT INTO owner_units (owner_id, unit_id) VALUES ('EIG-031', 'EH-021');
INSERT INTO owners (id, property_id, anrede, vorname, nachname, firma, strasse, plz, ort, land, email, telefon, iban, bic, selbstnutzer, sev_mandat, beirat, sprache) VALUES ('EIG-032', 'LIE-001', 'Frau', 'Jo', 'Reuter', NULL, 'Dirk-Hein-Allee 4', '71906', 'Schleiz', 'DE', 'jo.reuter@icloud.com', '(00278) 742967', 'DE64370400443634957885', 'BELADEBEXXX', 0, 1, 0, 'de');
INSERT INTO owner_units (owner_id, unit_id) VALUES ('EIG-032', 'EH-051');
INSERT INTO owners (id, property_id, anrede, vorname, nachname, firma, strasse, plz, ort, land, email, telefon, iban, bic, selbstnutzer, sev_mandat, beirat, sprache) VALUES ('EIG-033', 'LIE-001', 'Frau', 'Xenia', 'Conradi', NULL, 'Hövelweg 9-1', '56551', 'Hohenmölsen', 'DE', 'xenia.conradi@outlook.com', '01545 168087', 'DE85100500001351823374', 'HYVEDEMMXXX', 1, 0, 0, 'de');
INSERT INTO owner_units (owner_id, unit_id) VALUES ('EIG-033', 'EH-008');
INSERT INTO owners (id, property_id, anrede, vorname, nachname, firma, strasse, plz, ort, land, email, telefon, iban, bic, selbstnutzer, sev_mandat, beirat, sprache) VALUES ('EIG-034', 'LIE-001', 'Herr', 'Harro', 'Bloch', NULL, 'Susann-Hövel-Straße 41-30', '85977', 'Forchheim', 'DE', 'harro.bloch@gmail.com', '+49(0)8086 13171', 'DE99370400442408240084', 'PBNKDEFFXXX', 1, 0, 0, 'de');
INSERT INTO owner_units (owner_id, unit_id) VALUES ('EIG-034', 'EH-004');
INSERT INTO owners (id, property_id, anrede, vorname, nachname, firma, strasse, plz, ort, land, email, telefon, iban, bic, selbstnutzer, sev_mandat, beirat, sprache) VALUES ('EIG-035', 'LIE-001', 'Herr', 'Markus', 'Fliegner', NULL, 'Ramon-Grein Groth-Weg 714', '48467', 'Gifhorn', 'DE', 'markus.fliegner@gmx.de', '08404499727', 'DE83120300005204711671', 'BELADEBEXXX', 0, 1, 0, 'de');
INSERT INTO owner_units (owner_id, unit_id) VALUES ('EIG-035', 'EH-006');

INSERT INTO tenants (id, property_id, anrede, vorname, nachname, email, telefon, einheit_id, eigentuemer_id, mietbeginn, mietende, kaltmiete, nk_vorauszahlung, kaution, iban, bic, sprache) VALUES ('MIE-001', 'LIE-001', 'Herr', 'Julius', 'Nette', 'julius.nette@outlook.com', '05886753396', 'EH-025', 'EIG-003', '2022-07-11', NULL, 1403, 273, 4209, 'DE94120300004034471349', 'HYVEDEMMXXX', 'de');
INSERT INTO tenants (id, property_id, anrede, vorname, nachname, email, telefon, einheit_id, eigentuemer_id, mietbeginn, mietende, kaltmiete, nk_vorauszahlung, kaution, iban, bic, sprache) VALUES ('MIE-002', 'LIE-001', 'Frau', 'Edelgard', 'Wulf', 'edelgard.wulf@gmx.de', '0057662702', 'EH-021', 'EIG-031', '2021-06-28', NULL, 1248, 263, 3744, 'DE99100100100249947174', 'DEUTDEBB101', 'de');
INSERT INTO tenants (id, property_id, anrede, vorname, nachname, email, telefon, einheit_id, eigentuemer_id, mietbeginn, mietende, kaltmiete, nk_vorauszahlung, kaution, iban, bic, sprache) VALUES ('MIE-003', 'LIE-001', 'Frau', 'Joanna', 'Schäfer', 'joanna.schaefer@outlook.com', '01718702621', 'EH-049', 'EIG-003', '2020-03-22', NULL, 1721, 298, 5163, 'DE83100701245940139904', 'COBADEFFXXX', 'de');
INSERT INTO tenants (id, property_id, anrede, vorname, nachname, email, telefon, einheit_id, eigentuemer_id, mietbeginn, mietende, kaltmiete, nk_vorauszahlung, kaution, iban, bic, sprache) VALUES ('MIE-004', 'LIE-001', 'Herr', 'Horst-Günter', 'Zänker', 'horst.guenter.zaenker@posteo.de', '+49(0)5961 58657', 'EH-051', 'EIG-032', '2021-07-23', NULL, 1283, 254, 3849, 'DE52100700006717565512', 'DEUTDEBB101', 'de');
INSERT INTO tenants (id, property_id, anrede, vorname, nachname, email, telefon, einheit_id, eigentuemer_id, mietbeginn, mietende, kaltmiete, nk_vorauszahlung, kaution, iban, bic, sprache) VALUES ('MIE-005', 'LIE-001', 'Frau', 'Steffi', 'Riehl', 'steffi.riehl@posteo.de', '+49(0)9134316117', 'EH-013', 'EIG-024', '2022-07-20', NULL, 1392, 261, 4176, 'DE76370400445168087603', 'BYLADEM1001', 'de');
INSERT INTO tenants (id, property_id, anrede, vorname, nachname, email, telefon, einheit_id, eigentuemer_id, mietbeginn, mietende, kaltmiete, nk_vorauszahlung, kaution, iban, bic, sprache) VALUES ('MIE-006', 'LIE-001', 'Frau', 'Chantal', 'Täsche', 'chantal.taesche@posteo.de', '+49(0)0050 45562', 'EH-045', 'EIG-020', '2023-01-29', NULL, 1076, 180, 3228, 'DE80370400447710932480', 'DEUTDEBB101', 'de');
INSERT INTO tenants (id, property_id, anrede, vorname, nachname, email, telefon, einheit_id, eigentuemer_id, mietbeginn, mietende, kaltmiete, nk_vorauszahlung, kaution, iban, bic, sprache) VALUES ('MIE-007', 'LIE-001', 'Herr', 'David', 'Jenkins', 'david.jenkins@gmail.com', '+1-622-921-9693x79237', 'EH-023', 'EIG-013', '2024-01-07', NULL, 1511, 256, 4533, 'DE86100701244677378263', 'GENODEF1P01', 'en');
INSERT INTO tenants (id, property_id, anrede, vorname, nachname, email, telefon, einheit_id, eigentuemer_id, mietbeginn, mietende, kaltmiete, nk_vorauszahlung, kaution, iban, bic, sprache) VALUES ('MIE-008', 'LIE-001', 'Herr', 'Ferenc', 'Stahr', 'ferenc.stahr@gmx.de', '+49(0)7482175946', 'EH-003', 'EIG-025', '2022-04-29', NULL, 861, 209, 2583, 'DE71100700004044997278', 'BYLADEM1001', 'de');
INSERT INTO tenants (id, property_id, anrede, vorname, nachname, email, telefon, einheit_id, eigentuemer_id, mietbeginn, mietende, kaltmiete, nk_vorauszahlung, kaution, iban, bic, sprache) VALUES ('MIE-009', 'LIE-001', 'Frau', 'Marliese', 'Hermann', 'marliese.hermann@posteo.de', '04367 136959', 'EH-002', 'EIG-009', '2021-01-21', NULL, 724, 140, 2172, 'DE73100500009636057662', 'COBADEFFXXX', 'de');
INSERT INTO tenants (id, property_id, anrede, vorname, nachname, email, telefon, einheit_id, eigentuemer_id, mietbeginn, mietende, kaltmiete, nk_vorauszahlung, kaution, iban, bic, sprache) VALUES ('MIE-010', 'LIE-001', 'Frau', 'Ewa', 'Thies', 'ewa.thies@gmail.com', '+49(0)0640 90974', 'EH-046', 'EIG-030', '2022-06-20', NULL, 1432, 294, 4296, 'DE93120300000262174596', 'COBADEFFXXX', 'de');
INSERT INTO tenants (id, property_id, anrede, vorname, nachname, email, telefon, einheit_id, eigentuemer_id, mietbeginn, mietende, kaltmiete, nk_vorauszahlung, kaution, iban, bic, sprache) VALUES ('MIE-011', 'LIE-001', 'Frau', 'Peggy', 'Hein', 'peggy.hein@outlook.com', '(05339) 421047', 'EH-016', 'EIG-013', '2024-01-11', NULL, 1555, 308, 4665, 'DE91120300008091343161', 'BELADEBEXXX', 'de');
INSERT INTO tenants (id, property_id, anrede, vorname, nachname, email, telefon, einheit_id, eigentuemer_id, mietbeginn, mietende, kaltmiete, nk_vorauszahlung, kaution, iban, bic, sprache) VALUES ('MIE-012', 'LIE-001', 'Frau', 'Alwine', 'Sager', 'alwine.sager@web.de', '02145623285', 'EH-022', 'EIG-028', '2020-04-04', NULL, 1198, 262, 3594, 'DE31100100104556238692', 'PBNKDEFFXXX', 'de');
INSERT INTO tenants (id, property_id, anrede, vorname, nachname, email, telefon, einheit_id, eigentuemer_id, mietbeginn, mietende, kaltmiete, nk_vorauszahlung, kaution, iban, bic, sprache) VALUES ('MIE-013', 'LIE-001', 'Frau', 'Kiara', 'Mcintyre', 'kiara.mcintyre@icloud.com', '(547)845-1712', 'EH-010', 'EIG-016', '2020-10-20', NULL, 1261, 322, 3783, 'DE54100701244740748217', 'GENODEF1P01', 'en');
INSERT INTO tenants (id, property_id, anrede, vorname, nachname, email, telefon, einheit_id, eigentuemer_id, mietbeginn, mietende, kaltmiete, nk_vorauszahlung, kaution, iban, bic, sprache) VALUES ('MIE-014', 'LIE-001', 'Frau', 'Wilma', 'Roht', 'wilma.roht@gmail.com', '01604817549', 'EH-039', 'EIG-021', '2022-02-26', NULL, 946, 181, 2838, 'DE11100100103695944064', 'GENODEF1P01', 'de');
INSERT INTO tenants (id, property_id, anrede, vorname, nachname, email, telefon, einheit_id, eigentuemer_id, mietbeginn, mietende, kaltmiete, nk_vorauszahlung, kaution, iban, bic, sprache) VALUES ('MIE-015', 'LIE-001', 'Frau', 'Hanna', 'Schweitzer', 'hanna.schweitzer@gmx.de', '01370985931', 'EH-034', 'EIG-016', '2024-09-01', NULL, 2012, 392, 6036, 'DE49370400443953394210', 'HYVEDEMMXXX', 'de');
INSERT INTO tenants (id, property_id, anrede, vorname, nachname, email, telefon, einheit_id, eigentuemer_id, mietbeginn, mietende, kaltmiete, nk_vorauszahlung, kaution, iban, bic, sprache) VALUES ('MIE-016', 'LIE-001', 'Frau', 'Magrit', 'Mitschke', 'magrit.mitschke@gmail.com', '+49(0)6120 04711', 'EH-032', 'EIG-001', '2021-08-27', NULL, 776, 125, 2328, 'DE71120300002328588424', 'HYVEDEMMXXX', 'de');
INSERT INTO tenants (id, property_id, anrede, vorname, nachname, email, telefon, einheit_id, eigentuemer_id, mietbeginn, mietende, kaltmiete, nk_vorauszahlung, kaution, iban, bic, sprache) VALUES ('MIE-017', 'LIE-001', 'Frau', 'Edeltraud', 'Renner', 'edeltraud.renner@gmx.de', '+49 (0) 6758 692617', 'EH-029', 'EIG-022', '2024-03-24', NULL, 1781, 310, 5343, 'DE57100701246851604817', 'BELADEBEXXX', 'de');
INSERT INTO tenants (id, property_id, anrede, vorname, nachname, email, telefon, einheit_id, eigentuemer_id, mietbeginn, mietende, kaltmiete, nk_vorauszahlung, kaution, iban, bic, sprache) VALUES ('MIE-018', 'LIE-001', 'Frau', 'Louise', 'Ladeck', 'louise.ladeck@outlook.com', '+49(0)0537 73515', 'EH-035', 'EIG-011', '2022-01-30', NULL, 1224, 272, 3672, 'DE93100500007098593174', 'DEUTDEBB101', 'de');
INSERT INTO tenants (id, property_id, anrede, vorname, nachname, email, telefon, einheit_id, eigentuemer_id, mietbeginn, mietende, kaltmiete, nk_vorauszahlung, kaution, iban, bic, sprache) VALUES ('MIE-019', 'LIE-001', 'Herr', 'Jörgen', 'Seidel', 'joergen.seidel@gmx.de', '00643171390', 'EH-050', 'EIG-010', '2020-07-18', NULL, 827, 179, 2481, 'DE72100700002675869261', 'GENODEF1P01', 'de');
INSERT INTO tenants (id, property_id, anrede, vorname, nachname, email, telefon, einheit_id, eigentuemer_id, mietbeginn, mietende, kaltmiete, nk_vorauszahlung, kaution, iban, bic, sprache) VALUES ('MIE-020', 'LIE-001', 'Frau', 'Anika', 'Zimmer', 'anika.zimmer@gmx.de', '03293183933', 'EH-042', 'EIG-019', '2022-06-29', NULL, 1643, 282, 4929, 'DE21370400441585064317', 'BELADEBEXXX', 'de');
INSERT INTO tenants (id, property_id, anrede, vorname, nachname, email, telefon, einheit_id, eigentuemer_id, mietbeginn, mietende, kaltmiete, nk_vorauszahlung, kaution, iban, bic, sprache) VALUES ('MIE-021', 'LIE-001', 'Frau', 'Galina', 'Wohlgemut', 'galina.wohlgemut@outlook.com', '+49 (0) 9042 284210', 'EH-041', 'EIG-029', '2021-11-14', NULL, 1840, 271, 5520, 'DE86100500009318393352', 'COBADEFFXXX', 'de');
INSERT INTO tenants (id, property_id, anrede, vorname, nachname, email, telefon, einheit_id, eigentuemer_id, mietbeginn, mietende, kaltmiete, nk_vorauszahlung, kaution, iban, bic, sprache) VALUES ('MIE-022', 'LIE-001', 'Herr', 'Carsten', 'Austermühle', 'carsten.austermuehle@web.de', '03950240268', 'EH-031', 'EIG-011', '2020-08-13', NULL, 1566, 348, 4698, 'DE26100100102053950240', 'BELADEBEXXX', 'de');
INSERT INTO tenants (id, property_id, anrede, vorname, nachname, email, telefon, einheit_id, eigentuemer_id, mietbeginn, mietende, kaltmiete, nk_vorauszahlung, kaution, iban, bic, sprache) VALUES ('MIE-023', 'LIE-001', 'Herr', 'Björn', 'Weinhage', 'bjoern.weinhage@gmx.de', '+49(0)7758 917839', 'EH-037', 'EIG-001', '2020-08-11', NULL, 3661, 435, 10983, 'DE97100500009084700766', 'COBADEFFXXX', 'de');
INSERT INTO tenants (id, property_id, anrede, vorname, nachname, email, telefon, einheit_id, eigentuemer_id, mietbeginn, mietende, kaltmiete, nk_vorauszahlung, kaution, iban, bic, sprache) VALUES ('MIE-024', 'LIE-001', 'Frau', 'Anette', 'Vogt', 'anette.vogt@gmx.de', '(08470) 07661', 'EH-009', 'EIG-014', '2020-10-30', '2026-02-27', 1139, 191, 3417, 'DE22100700008569847896', 'HYVEDEMMXXX', 'de');
INSERT INTO tenants (id, property_id, anrede, vorname, nachname, email, telefon, einheit_id, eigentuemer_id, mietbeginn, mietende, kaltmiete, nk_vorauszahlung, kaution, iban, bic, sprache) VALUES ('MIE-025', 'LIE-001', 'Frau', 'Jasmin', 'Trub', 'jasmin.trub@outlook.com', '01159 212499', 'EH-019', 'EIG-014', '2022-07-13', NULL, 1031, 175, 3093, 'DE29120300005766156545', 'BELADEBEXXX', 'de');
INSERT INTO tenants (id, property_id, anrede, vorname, nachname, email, telefon, einheit_id, eigentuemer_id, mietbeginn, mietende, kaltmiete, nk_vorauszahlung, kaution, iban, bic, sprache) VALUES ('MIE-026', 'LIE-001', 'Herr', 'Kamil', 'Trub', 'kamil.trub@gmx.de', '06984789611', 'EH-006', 'EIG-035', '2020-07-16', NULL, 850, 133, 2550, 'DE95370400442809885165', 'HYVEDEMMXXX', 'de');

INSERT INTO service_providers (id, property_id, firma, branche, ansprechpartner, email, telefon, strasse, plz, ort, land, iban, bic, ust_id, steuernummer, stil, sprache, vertrag_monatlich, stundensatz) VALUES ('DL-001', 'LIE-001', 'Hausmeister Mueller GmbH', 'Hausmeisterdienst', 'Slawomir Sölzer', 'slawomir.soelzer@hausmeister-mueller.de', '(08367) 36576', 'Luigi-Loos-Ring 6/3', '11116', 'Wolfenbüttel', 'DE', 'DE94100701240494519832', 'DEUTDEBB101', 'DE340781088', '23/458/82910', 'modern', 'de', 650, 42);
INSERT INTO service_providers (id, property_id, firma, branche, ansprechpartner, email, telefon, strasse, plz, ort, land, iban, bic, ust_id, steuernummer, stil, sprache, vertrag_monatlich, stundensatz) VALUES ('DL-002', 'LIE-001', 'Aufzug Schindler & Co. GmbH', 'Aufzugswartung', 'Paul-Heinz Köhler', 'paul.heinz.koehler@aufzug-schindler-co.de', '+49 (0) 8098 851656', 'Schinkering 91/49', '73158', 'Celle', 'DE', 'DE13370400449368998094', 'PBNKDEFFXXX', 'DE393421844', '99/880/50499', 'corporate', 'de', 185, 95);
INSERT INTO service_providers (id, property_id, firma, branche, ansprechpartner, email, telefon, strasse, plz, ort, land, iban, bic, ust_id, steuernummer, stil, sprache, vertrag_monatlich, stundensatz) VALUES ('DL-003', 'LIE-001', 'Heiztechnik Berlin GmbH', 'Heizungswartung', 'Olga Holsten', 'olga.holsten@heiztechnik-berlin.de', '(03689) 980940', 'Tintzmannallee 6/6', '22961', 'Witzenhausen', 'DE', 'DE37370400440229612018', 'DEUTDEBB101', 'DE550791704', '68/449/30631', 'classic', 'de', 0, 78);
INSERT INTO service_providers (id, property_id, firma, branche, ansprechpartner, email, telefon, strasse, plz, ort, land, iban, bic, ust_id, steuernummer, stil, sprache, vertrag_monatlich, stundensatz) VALUES ('DL-004', 'LIE-001', 'Reinigungsservice Kowalski', 'Treppenhausreinigung', 'Malte Becker', 'malte.becker@reinigungsservice-kowalski.de', '+49(0)8366 752545', 'Gerold-Franke-Weg 1', '76797', 'Guben', 'DE', 'DE44100701245991022901', 'DEUTDEBB101', 'DE810751262', '64/597/89570', 'handwerker', 'de', 420, 22);
INSERT INTO service_providers (id, property_id, firma, branche, ansprechpartner, email, telefon, strasse, plz, ort, land, iban, bic, ust_id, steuernummer, stil, sprache, vertrag_monatlich, stundensatz) VALUES ('DL-005', 'LIE-001', 'Gaertnerei Gruener Daumen', 'Gartenpflege', 'Ekkehart Wende', 'ekkehart.wende@gaertnerei-gruener-daumen.de', '01561 49784', 'Rigo-Scheuermann-Gasse 3', '32445', 'Altötting', 'DE', 'DE95370400443815614978', 'BYLADEM1001', 'DE148766522', '38/504/88554', 'handwerker', 'de', 180, 32);
INSERT INTO service_providers (id, property_id, firma, branche, ansprechpartner, email, telefon, strasse, plz, ort, land, iban, bic, ust_id, steuernummer, stil, sprache, vertrag_monatlich, stundensatz) VALUES ('DL-006', 'LIE-001', 'Schornsteinfegermeister Bauer', 'Schornsteinfeger', 'Jacek Weinhold', 'jacek.weinhold@schornsteinfegermeister-bauer.de', '0226838851', 'Sükrü-Bähr-Straße 75', '64160', 'Eilenburg', 'DE', 'DE32100500004324451076', 'PBNKDEFFXXX', 'DE508244633', '78/820/40161', 'classic', 'de', 0, 48);
INSERT INTO service_providers (id, property_id, firma, branche, ansprechpartner, email, telefon, strasse, plz, ort, land, iban, bic, ust_id, steuernummer, stil, sprache, vertrag_monatlich, stundensatz) VALUES ('DL-007', 'LIE-001', 'Allianz Versicherungs-AG', 'Gebaeudeversicherung', 'Rolf Schönland', 'rolf.schoenland@allianz-versicherungs-ag.de', '05161 369681', 'Weinhagering 9521', '88355', 'Gera', 'DE', 'DE64100701245160607159', 'GENODEF1P01', 'DE534245762', '91/527/47947', 'corporate', 'de', 0, 0);
INSERT INTO service_providers (id, property_id, firma, branche, ansprechpartner, email, telefon, strasse, plz, ort, land, iban, bic, ust_id, steuernummer, stil, sprache, vertrag_monatlich, stundensatz) VALUES ('DL-008', 'LIE-001', 'Vattenfall Europe Sales GmbH', 'Strom Allgemein', 'Bernd-Dieter Fiebig', 'bernd.dieter.fiebig@vattenfall-europe-sales.de', '+49(0)3292 12779', 'Schottinring 871', '44905', 'Heiligenstadt', 'DE', 'DE85100100105297516136', 'DEUTDEBB101', 'DE662600500', '20/505/50668', 'corporate', 'de', 0, 0);
INSERT INTO service_providers (id, property_id, firma, branche, ansprechpartner, email, telefon, strasse, plz, ort, land, iban, bic, ust_id, steuernummer, stil, sprache, vertrag_monatlich, stundensatz) VALUES ('DL-009', 'LIE-001', 'GASAG Berliner Gaswerke AG', 'Gas', 'Irmengard Mentzel', 'irmengard.mentzel@gasag-berliner-gaswerke-ag.de', '+49(0)0541199867', 'Rudolphweg 9597', '07151', 'Bad Kreuznach', 'DE', 'DE92100500005218188355', 'HYVEDEMMXXX', 'DE258580752', '40/205/29194', 'corporate', 'de', 0, 0);
INSERT INTO service_providers (id, property_id, firma, branche, ansprechpartner, email, telefon, strasse, plz, ort, land, iban, bic, ust_id, steuernummer, stil, sprache, vertrag_monatlich, stundensatz) VALUES ('DL-010', 'LIE-001', 'Berliner Wasserbetriebe', 'Wasser/Abwasser', 'Falk Trommler', 'falk.trommler@berliner-wasserbetriebe.de', '07889 255466', 'Lisa-Schüler-Allee 21/95', '44925', 'Roth', 'DE', 'DE92100500009212779979', 'BELADEBEXXX', 'DE770575153', '51/984/92210', 'corporate', 'de', 0, 0);
INSERT INTO service_providers (id, property_id, firma, branche, ansprechpartner, email, telefon, strasse, plz, ort, land, iban, bic, ust_id, steuernummer, stil, sprache, vertrag_monatlich, stundensatz) VALUES ('DL-011', 'LIE-001', 'BSR Berliner Stadtreinigung', 'Muellentsorgung', 'Mehdi Faust', 'mehdi.faust@bsr-berliner-stadtreinigung.de', '04629148652', 'Pechelring 5', '23573', 'Dessau', 'DE', 'DE49120300001774490581', 'DEUTDEBB101', 'DE585238820', '14/158/58331', 'corporate', 'de', 0, 0);
INSERT INTO service_providers (id, property_id, firma, branche, ansprechpartner, email, telefon, strasse, plz, ort, land, iban, bic, ust_id, steuernummer, stil, sprache, vertrag_monatlich, stundensatz) VALUES ('DL-012', 'LIE-001', 'Elektro Schmidt e.K.', 'Elektriker', 'Carola Buchholz', 'carola.buchholz@elektro-schmidt-e-k.de', '+49(0)1888 05929', 'Gotthilf-Girschner-Allee 770', '37947', 'Pfaffenhofen an der Ilm', 'DE', 'DE83100100101998679807', 'BELADEBEXXX', 'DE302120588', '51/719/72341', 'handwerker', 'de', 0, 65);
INSERT INTO service_providers (id, property_id, firma, branche, ansprechpartner, email, telefon, strasse, plz, ort, land, iban, bic, ust_id, steuernummer, stil, sprache, vertrag_monatlich, stundensatz) VALUES ('DL-013', 'LIE-001', 'Sanitaer Schulze GmbH', 'Sanitaer/Heizung', 'Ernst-August Jessel', 'ernst.august.jessel@sanitaer-schulze.de', '03597 746886', 'Luzia-Schleich-Platz 1/8', '81814', 'Zossen', 'DE', 'DE77100100107151820377', 'GENODEF1P01', 'DE754773573', '30/472/58870', 'handwerker', 'de', 0, 72);
INSERT INTO service_providers (id, property_id, firma, branche, ansprechpartner, email, telefon, strasse, plz, ort, land, iban, bic, ust_id, steuernummer, stil, sprache, vertrag_monatlich, stundensatz) VALUES ('DL-014', 'LIE-001', 'Dachdecker Richter', 'Dachdecker', 'Catherine Heydrich', 'catherine.heydrich@dachdecker-richter.de', '08261 375060', 'Heinzstraße 45', '51522', 'Gütersloh', 'DE', 'DE46120300006590515186', 'BYLADEM1001', 'DE877103091', '94/717/29709', 'handwerker', 'de', 0, 68);
INSERT INTO service_providers (id, property_id, firma, branche, ansprechpartner, email, telefon, strasse, plz, ort, land, iban, bic, ust_id, steuernummer, stil, sprache, vertrag_monatlich, stundensatz) VALUES ('DL-015', 'LIE-001', 'SecureLock Systems Ltd.', 'Schliessanlage', 'Thomas Kennedy', 'thomas.kennedy@securelock-systems-ltd.com', '(477)890-1043', '3410 Robert Underpass', '10115', 'Berlin', 'GB', 'DE92100700002546291486', 'HYVEDEMMXXX', 'DE452699013', '26/786/99838', 'english', 'en', 0, 85);
INSERT INTO service_providers (id, property_id, firma, branche, ansprechpartner, email, telefon, strasse, plz, ort, land, iban, bic, ust_id, steuernummer, stil, sprache, vertrag_monatlich, stundensatz) VALUES ('DL-016', 'LIE-001', 'TechClean International', 'Fassadenreinigung', 'Lisa Brown', 'lisa.brown@techclean-international.com', '598.808.9324x6095', '185 Stephanie Plains', '10115', 'Berlin', 'GB', 'DE34100100106850542357', 'PBNKDEFFXXX', 'DE247709679', '29/179/48770', 'english', 'en', 0, 55);

